Unique ID,Labels Set
1,"offensive,hate"
2,non-hostile
3,fake
4,fake
5,hate
6,non-hostile
7,non-hostile
8,"defamation,offensive"
9,"fake,defamation"
10,defamation
11,fake
12,defamation
13,non-hostile
14,"defamation,offensive"
15,"defamation,hate,offensive"
16,fake
17,defamation
18,non-hostile
19,defamation
20,"defamation,offensive"
21,non-hostile
22,fake
23,non-hostile
24,fake
25,non-hostile
26,"hate,offensive"
27,"defamation,offensive"
28,"defamation,offensive"
29,"fake,defamation,offensive"
30,"offensive,hate"
31,non-hostile
32,non-hostile
33,"fake,defamation"
34,fake
35,non-hostile
36,non-hostile
37,non-hostile
38,non-hostile
39,"offensive,hate"
40,non-hostile
41,"defamation,hate"
42,non-hostile
43,non-hostile
44,non-hostile
45,fake
46,"offensive,hate"
47,non-hostile
48,"hate,offensive"
49,non-hostile
50,non-hostile
51,fake
52,fake
53,hate
54,"offensive,hate"
55,"defamation,hate"
56,non-hostile
57,non-hostile
58,non-hostile
59,"offensive,hate"
60,non-hostile
61,non-hostile
62,non-hostile
63,non-hostile
64,non-hostile
65,"defamation,hate,offensive"
66,"defamation,hate"
67,offensive
68,non-hostile
69,fake
70,non-hostile
71,defamation
72,non-hostile
73,fake
74,"defamation,hate,offensive"
75,non-hostile
76,"offensive,hate"
77,"defamation,hate,offensive"
78,non-hostile
79,fake
80,non-hostile
81,non-hostile
82,non-hostile
83,non-hostile
84,non-hostile
85,non-hostile
86,non-hostile
87,non-hostile
88,non-hostile
89,"defamation,hate,offensive"
90,fake
91,fake
92,"defamation,hate"
93,non-hostile
94,fake
95,non-hostile
96,non-hostile
97,hate
98,non-hostile
99,non-hostile
100,non-hostile
101,non-hostile
102,defamation
103,"fake,non-hostile"
104,"defamation,offensive"
105,fake
106,non-hostile
107,non-hostile
108,hate
109,non-hostile
110,"fake,defamation"
111,"defamation,offensive"
112,non-hostile
113,"defamation,offensive"
114,fake
115,non-hostile
116,non-hostile
117,"defamation,offensive"
118,non-hostile
119,non-hostile
120,non-hostile
121,non-hostile
122,"fake,defamation"
123,fake
124,"offensive,hate"
125,fake
126,non-hostile
127,"fake,defamation"
128,defamation
129,non-hostile
130,"fake,defamation,hate"
131,non-hostile
132,non-hostile
133,non-hostile
134,non-hostile
135,defamation
136,fake
137,non-hostile
138,non-hostile
139,"defamation,hate,offensive"
140,non-hostile
141,"fake,offensive"
142,fake
143,non-hostile
144,"defamation,hate,offensive"
145,non-hostile
146,non-hostile
147,non-hostile
148,hate
149,non-hostile
150,fake
151,fake
152,hate
153,non-hostile
154,non-hostile
155,non-hostile
156,"offensive,hate"
157,fake
158,non-hostile
159,fake
160,non-hostile
161,non-hostile
162,non-hostile
163,defamation
164,non-hostile
165,defamation
166,"defamation,hate,offensive"
167,non-hostile
168,"defamation,hate"
169,fake
170,"offensive,hate"
171,non-hostile
172,offensive
173,"defamation,offensive"
174,defamation
175,"fake,defamation,hate"
176,fake
177,fake
178,non-hostile
179,non-hostile
180,"fake,non-hostile"
181,defamation
182,offensive
183,non-hostile
184,non-hostile
185,fake
186,defamation
187,"defamation,offensive"
188,fake
189,non-hostile
190,non-hostile
191,non-hostile
192,"defamation,hate,offensive"
193,offensive
194,defamation
195,non-hostile
196,"offensive,hate"
197,fake
198,non-hostile
199,non-hostile
200,fake
201,non-hostile
202,non-hostile
203,fake
204,non-hostile
205,non-hostile
206,"fake,non-hostile"
207,defamation
208,non-hostile
209,non-hostile
210,non-hostile
211,non-hostile
212,non-hostile
213,non-hostile
214,non-hostile
215,defamation
216,defamation
217,fake
218,fake
219,"hate,offensive"
220,defamation
221,"fake,defamation"
222,non-hostile
223,"defamation,offensive"
224,non-hostile
225,"defamation,hate"
226,non-hostile
227,"defamation,hate,offensive"
228,non-hostile
229,fake
230,offensive
231,"defamation,hate"
232,"defamation,hate"
233,"fake,hate"
234,fake
235,non-hostile
236,fake
237,non-hostile
238,non-hostile
239,"fake,non-hostile"
240,non-hostile
241,"defamation,hate,offensive"
242,non-hostile
243,non-hostile
244,"defamation,hate,offensive"
245,fake
246,defamation
247,non-hostile
248,non-hostile
249,"offensive,hate"
250,non-hostile
251,non-hostile
252,defamation
253,non-hostile
254,non-hostile
255,non-hostile
256,fake
257,defamation
258,non-hostile
259,fake
260,"defamation,offensive"
261,fake
262,"fake,defamation,hate"
263,"defamation,offensive"
264,non-hostile
265,non-hostile
266,non-hostile
267,non-hostile
268,"offensive,hate"
269,defamation
270,defamation
271,"offensive,hate"
272,"defamation,offensive"
273,non-hostile
274,non-hostile
275,non-hostile
276,"fake,defamation"
277,non-hostile
278,defamation
279,non-hostile
280,hate
281,non-hostile
282,non-hostile
283,non-hostile
284,non-hostile
285,"offensive,hate"
286,non-hostile
287,non-hostile
288,fake
289,"defamation,hate,offensive"
290,"defamation,offensive"
291,"offensive,hate"
292,non-hostile
293,fake
294,non-hostile
295,non-hostile
296,fake
297,non-hostile
298,"defamation,hate"
299,non-hostile
300,"defamation,offensive"
301,"defamation,offensive"
302,"fake,defamation"
303,non-hostile
304,non-hostile
305,fake
306,non-hostile
307,non-hostile
308,non-hostile
309,non-hostile
310,"defamation,hate"
311,fake
312,non-hostile
313,non-hostile
314,"defamation,hate"
315,non-hostile
316,non-hostile
317,non-hostile
318,non-hostile
319,fake
320,non-hostile
321,non-hostile
322,"defamation,offensive"
323,non-hostile
324,non-hostile
325,non-hostile
326,fake
327,"offensive,hate"
328,defamation
329,non-hostile
330,"fake,offensive"
331,defamation
332,fake
333,non-hostile
334,fake
335,fake
336,non-hostile
337,non-hostile
338,fake
339,non-hostile
340,offensive
341,non-hostile
342,hate
343,fake
344,"offensive,hate"
345,"offensive,hate"
346,non-hostile
347,non-hostile
348,hate
349,non-hostile
350,"defamation,hate,offensive"
351,non-hostile
352,"offensive,hate"
353,non-hostile
354,"offensive,hate"
355,"defamation,hate"
356,"fake,hate,non-hostile"
357,non-hostile
358,defamation
359,"offensive,hate"
360,non-hostile
361,fake
362,non-hostile
363,non-hostile
364,non-hostile
365,non-hostile
366,hate
367,defamation
368,non-hostile
369,non-hostile
370,offensive
371,"fake,defamation,hate"
372,non-hostile
373,non-hostile
374,"fake,non-hostile"
375,non-hostile
376,defamation
377,non-hostile
378,non-hostile
379,non-hostile
380,fake
381,fake
382,offensive
383,defamation
384,non-hostile
385,non-hostile
386,hate
387,defamation
388,non-hostile
389,non-hostile
390,non-hostile
391,non-hostile
392,non-hostile
393,fake
394,"offensive,hate"
395,defamation
396,"defamation,hate,offensive"
397,"defamation,hate,offensive"
398,"offensive,hate"
399,defamation
400,fake
401,"defamation,hate"
402,"fake,defamation"
403,non-hostile
404,"fake,hate,offensive"
405,non-hostile
406,non-hostile
407,"defamation,hate,offensive"
408,non-hostile
409,non-hostile
410,fake
411,offensive
412,non-hostile
413,non-hostile
414,non-hostile
415,fake
416,"fake,defamation,hate"
417,fake
418,fake
419,"fake,defamation,hate"
420,non-hostile
421,non-hostile
422,"defamation,hate,offensive"
423,non-hostile
424,non-hostile
425,non-hostile
426,"offensive,hate"
427,non-hostile
428,non-hostile
429,non-hostile
430,fake
431,fake
432,offensive
433,"offensive,hate"
434,"defamation,hate"
435,"hate,offensive"
436,non-hostile
437,non-hostile
438,non-hostile
439,non-hostile
440,"fake,defamation"
441,non-hostile
442,fake
443,non-hostile
444,non-hostile
445,"fake,defamation"
446,non-hostile
447,non-hostile
448,non-hostile
449,non-hostile
450,non-hostile
451,fake
452,"fake,hate,non-hostile"
453,fake
454,non-hostile
455,"defamation,hate,offensive"
456,non-hostile
457,non-hostile
458,non-hostile
459,"fake,defamation"
460,non-hostile
461,non-hostile
462,non-hostile
463,non-hostile
464,"fake,defamation"
465,"defamation,hate,offensive"
466,non-hostile
467,non-hostile
468,non-hostile
469,fake
470,non-hostile
471,non-hostile
472,non-hostile
473,non-hostile
474,non-hostile
475,non-hostile
476,defamation
477,non-hostile
478,"fake,defamation"
479,defamation
480,non-hostile
481,non-hostile
482,fake
483,non-hostile
484,non-hostile
485,offensive
486,non-hostile
487,fake
488,non-hostile
489,non-hostile
490,non-hostile
491,non-hostile
492,non-hostile
493,non-hostile
494,"defamation,hate"
495,fake
496,"defamation,offensive"
497,non-hostile
498,non-hostile
499,"offensive,hate"
500,non-hostile
501,non-hostile
502,non-hostile
503,non-hostile
504,"defamation,hate,offensive"
505,fake
506,non-hostile
507,non-hostile
508,non-hostile
509,non-hostile
510,non-hostile
511,fake
512,non-hostile
513,"defamation,hate,offensive"
514,non-hostile
515,non-hostile
516,non-hostile
517,"fake,defamation"
518,non-hostile
519,non-hostile
520,"defamation,hate"
521,non-hostile
522,non-hostile
523,"offensive,hate"
524,non-hostile
525,fake
526,non-hostile
527,non-hostile
528,non-hostile
529,non-hostile
530,"defamation,hate,offensive"
531,non-hostile
532,non-hostile
533,non-hostile
534,"defamation,hate,offensive"
535,non-hostile
536,non-hostile
537,"defamation,hate,offensive"
538,defamation
539,non-hostile
540,non-hostile
541,non-hostile
542,"fake,defamation"
543,"offensive,hate"
544,non-hostile
545,non-hostile
546,non-hostile
547,non-hostile
548,non-hostile
549,hate
550,non-hostile
551,fake
552,"defamation,hate"
553,"defamation,hate"
554,defamation
555,non-hostile
556,non-hostile
557,non-hostile
558,non-hostile
559,fake
560,fake
561,"fake,defamation"
562,hate
563,"fake,offensive"
564,non-hostile
565,offensive
566,non-hostile
567,non-hostile
568,non-hostile
569,non-hostile
570,fake
571,offensive
572,non-hostile
573,"offensive,hate"
574,non-hostile
575,non-hostile
576,fake
577,non-hostile
578,"defamation,hate,offensive"
579,fake
580,offensive
581,non-hostile
582,non-hostile
583,"fake,defamation"
584,non-hostile
585,fake
586,non-hostile
587,non-hostile
588,non-hostile
589,fake
590,defamation
591,non-hostile
592,non-hostile
593,non-hostile
594,non-hostile
595,non-hostile
596,non-hostile
597,non-hostile
598,non-hostile
599,hate
600,non-hostile
601,"fake,hate"
602,non-hostile
603,non-hostile
604,defamation
605,non-hostile
606,non-hostile
607,non-hostile
608,non-hostile
609,fake
610,non-hostile
611,fake
612,non-hostile
613,non-hostile
614,fake
615,"defamation,hate"
616,"defamation,offensive"
617,fake
618,defamation
619,non-hostile
620,"offensive,hate"
621,defamation
622,non-hostile
623,non-hostile
624,non-hostile
625,fake
626,"fake,non-hostile"
627,non-hostile
628,defamation
629,fake
630,fake
631,non-hostile
632,fake
633,fake
634,non-hostile
635,non-hostile
636,"hate,offensive"
637,non-hostile
638,non-hostile
639,fake
640,fake
641,non-hostile
642,non-hostile
643,non-hostile
644,"defamation,offensive"
645,non-hostile
646,non-hostile
647,non-hostile
648,non-hostile
649,"hate,offensive"
650,non-hostile
651,non-hostile
652,non-hostile
653,non-hostile
654,non-hostile
655,non-hostile
656,offensive
657,"defamation,offensive"
658,"defamation,hate"
659,non-hostile
660,non-hostile
661,"defamation,hate,offensive"
662,non-hostile
663,fake
664,non-hostile
665,"offensive,hate"
666,non-hostile
667,non-hostile
668,fake
669,"defamation,offensive"
670,non-hostile
671,offensive
672,non-hostile
673,non-hostile
674,non-hostile
675,non-hostile
676,non-hostile
677,"defamation,offensive"
678,defamation
679,"defamation,offensive"
680,fake
681,non-hostile
682,non-hostile
683,non-hostile
684,non-hostile
685,non-hostile
686,fake
687,non-hostile
688,non-hostile
689,non-hostile
690,"defamation,hate"
691,non-hostile
692,non-hostile
693,fake
694,"fake,hate"
695,non-hostile
696,"defamation,hate,offensive"
697,fake
698,non-hostile
699,fake
700,non-hostile
701,non-hostile
702,"defamation,hate,offensive"
703,non-hostile
704,non-hostile
705,non-hostile
706,non-hostile
707,offensive
708,"defamation,offensive"
709,non-hostile
710,non-hostile
711,"defamation,hate"
712,fake
713,fake
714,non-hostile
715,"offensive,hate"
716,non-hostile
717,fake
718,"defamation,hate"
719,non-hostile
720,non-hostile
721,non-hostile
722,"defamation,hate"
723,non-hostile
724,non-hostile
725,fake
726,non-hostile
727,non-hostile
728,non-hostile
729,non-hostile
730,non-hostile
731,"fake,defamation"
732,non-hostile
733,"defamation,hate"
734,non-hostile
735,non-hostile
736,fake
737,non-hostile
738,"defamation,hate,offensive"
739,non-hostile
740,"defamation,hate,offensive"
741,fake
742,non-hostile
743,"defamation,offensive"
744,non-hostile
745,offensive
746,fake
747,"defamation,offensive"
748,non-hostile
749,non-hostile
750,non-hostile
751,non-hostile
752,"fake,defamation"
753,non-hostile
754,"defamation,offensive"
755,"defamation,hate"
756,"defamation,hate,offensive"
757,fake
758,non-hostile
759,fake
760,non-hostile
761,"defamation,hate"
762,"fake,defamation"
763,non-hostile
764,non-hostile
765,"defamation,hate"
766,non-hostile
767,defamation
768,"fake,hate"
769,non-hostile
770,fake
771,defamation
772,defamation
773,non-hostile
774,non-hostile
775,non-hostile
776,non-hostile
777,fake
778,"defamation,hate"
779,"defamation,hate"
780,"offensive,hate"
781,non-hostile
782,"defamation,hate"
783,non-hostile
784,non-hostile
785,fake
786,non-hostile
787,non-hostile
788,non-hostile
789,"defamation,hate"
790,defamation
791,fake
792,"defamation,offensive"
793,non-hostile
794,fake
795,non-hostile
796,defamation
797,defamation
798,non-hostile
799,offensive
800,defamation
801,non-hostile
802,non-hostile
803,"fake,defamation"
804,non-hostile
805,non-hostile
806,fake
807,"defamation,offensive"
808,non-hostile
809,non-hostile
810,non-hostile
811,non-hostile
812,"defamation,offensive"
813,"defamation,hate"
814,non-hostile
815,non-hostile
816,non-hostile
817,non-hostile
818,non-hostile
819,non-hostile
820,non-hostile
821,"fake,defamation,hate"
822,fake
823,non-hostile
824,non-hostile
825,non-hostile
826,non-hostile
827,"defamation,offensive"
828,"fake,defamation"
829,non-hostile
830,"defamation,hate"
831,"defamation,offensive"
832,"defamation,hate,offensive"
833,fake
834,non-hostile
835,"defamation,hate,offensive"
836,non-hostile
837,defamation
838,fake
839,fake
840,non-hostile
841,fake
842,non-hostile
843,fake
844,non-hostile
845,non-hostile
846,non-hostile
847,non-hostile
848,fake
849,non-hostile
850,non-hostile
851,"hate,offensive"
852,non-hostile
853,"defamation,offensive"
854,fake
855,non-hostile
856,non-hostile
857,non-hostile
858,"defamation,offensive"
859,"defamation,hate,offensive"
860,non-hostile
861,non-hostile
862,"fake,defamation"
863,non-hostile
864,non-hostile
865,"defamation,offensive"
866,defamation
867,fake
868,non-hostile
869,fake
870,"defamation,hate"
871,non-hostile
872,non-hostile
873,defamation
874,non-hostile
875,non-hostile
876,non-hostile
877,"fake,non-hostile"
878,non-hostile
879,non-hostile
880,non-hostile
881,non-hostile
882,non-hostile
883,non-hostile
884,non-hostile
885,"offensive,hate"
886,fake
887,"hate,offensive"
888,non-hostile
889,offensive
890,non-hostile
891,non-hostile
892,non-hostile
893,"offensive,hate"
894,"defamation,hate"
895,non-hostile
896,non-hostile
897,fake
898,non-hostile
899,"fake,defamation"
900,defamation
901,"defamation,hate"
902,"fake,defamation"
903,non-hostile
904,"defamation,hate,offensive"
905,"defamation,offensive"
906,non-hostile
907,offensive
908,non-hostile
909,non-hostile
910,fake
911,non-hostile
912,offensive
913,"defamation,hate,offensive"
914,non-hostile
915,non-hostile
916,"defamation,hate"
917,defamation
918,"offensive,hate"
919,"offensive,hate"
920,non-hostile
921,"defamation,hate"
922,non-hostile
923,non-hostile
924,fake
925,non-hostile
926,non-hostile
927,non-hostile
928,non-hostile
929,non-hostile
930,non-hostile
931,non-hostile
932,non-hostile
933,non-hostile
934,fake
935,non-hostile
936,fake
937,"fake,defamation"
938,"defamation,hate"
939,fake
940,non-hostile
941,non-hostile
942,non-hostile
943,non-hostile
944,fake
945,non-hostile
946,non-hostile
947,fake
948,non-hostile
949,non-hostile
950,"defamation,hate"
951,non-hostile
952,offensive
953,offensive
954,non-hostile
955,non-hostile
956,non-hostile
957,"fake,hate"
958,"fake,defamation"
959,non-hostile
960,non-hostile
961,non-hostile
962,non-hostile
963,fake
964,"defamation,offensive"
965,non-hostile
966,offensive
967,non-hostile
968,offensive
969,"offensive,hate"
970,non-hostile
971,non-hostile
972,"offensive,hate"
973,non-hostile
974,non-hostile
975,"offensive,hate"
976,non-hostile
977,non-hostile
978,offensive
979,non-hostile
980,"defamation,offensive"
981,fake
982,fake
983,"offensive,hate"
984,non-hostile
985,"offensive,hate"
986,"offensive,hate"
987,non-hostile
988,fake
989,non-hostile
990,non-hostile
991,fake
992,non-hostile
993,non-hostile
994,non-hostile
995,"fake,defamation,hate"
996,fake
997,non-hostile
998,non-hostile
999,fake
1000,non-hostile
1001,"defamation,offensive"
1002,"hate,non-hostile"
1003,"fake,defamation"
1004,non-hostile
1005,non-hostile
1006,"fake,hate"
1007,non-hostile
1008,fake
1009,"defamation,hate"
1010,non-hostile
1011,non-hostile
1012,non-hostile
1013,defamation
1014,"defamation,hate,offensive"
1015,non-hostile
1016,non-hostile
1017,offensive
1018,non-hostile
1019,"offensive,hate"
1020,"fake,defamation"
1021,fake
1022,non-hostile
1023,non-hostile
1024,non-hostile
1025,defamation
1026,non-hostile
1027,defamation
1028,"defamation,offensive"
1029,offensive
1030,"defamation,hate"
1031,"fake,defamation"
1032,non-hostile
1033,non-hostile
1034,"defamation,hate"
1035,hate
1036,fake
1037,non-hostile
1038,non-hostile
1039,non-hostile
1040,fake
1041,"offensive,hate"
1042,"defamation,hate,offensive"
1043,fake
1044,"defamation,hate"
1045,"fake,defamation"
1046,non-hostile
1047,hate
1048,"defamation,offensive"
1049,non-hostile
1050,non-hostile
1051,defamation
1052,non-hostile
1053,non-hostile
1054,"defamation,offensive"
1055,"offensive,hate"
1056,non-hostile
1057,"defamation,hate,offensive"
1058,hate
1059,fake
1060,non-hostile
1061,"offensive,hate"
1062,non-hostile
1063,non-hostile
1064,non-hostile
1065,"offensive,hate"
1066,"offensive,hate"
1067,non-hostile
1068,non-hostile
1069,fake
1070,fake
1071,fake
1072,"defamation,hate"
1073,fake
1074,non-hostile
1075,"defamation,hate"
1076,non-hostile
1077,"defamation,hate"
1078,non-hostile
1079,non-hostile
1080,"defamation,hate,offensive"
1081,fake
1082,fake
1083,"defamation,hate,offensive"
1084,non-hostile
1085,non-hostile
1086,non-hostile
1087,non-hostile
1088,non-hostile
1089,defamation
1090,fake
1091,fake
1092,non-hostile
1093,non-hostile
1094,non-hostile
1095,non-hostile
1096,non-hostile
1097,non-hostile
1098,non-hostile
1099,non-hostile
1100,fake
1101,fake
1102,"hate,offensive"
1103,non-hostile
1104,"fake,defamation"
1105,non-hostile
1106,"defamation,offensive"
1107,defamation
1108,fake
1109,non-hostile
1110,"offensive,hate"
1111,"fake,hate,offensive"
1112,non-hostile
1113,non-hostile
1114,non-hostile
1115,non-hostile
1116,"fake,defamation,hate"
1117,"defamation,offensive"
1118,non-hostile
1119,non-hostile
1120,"defamation,offensive"
1121,"fake,hate"
1122,fake
1123,non-hostile
1124,non-hostile
1125,non-hostile
1126,fake
1127,defamation
1128,non-hostile
1129,"offensive,hate"
1130,non-hostile
1131,non-hostile
1132,non-hostile
1133,"offensive,hate"
1134,defamation
1135,offensive
1136,non-hostile
1137,"defamation,hate"
1138,non-hostile
1139,non-hostile
1140,non-hostile
1141,"defamation,offensive"
1142,"fake,defamation,hate,offensive"
1143,defamation
1144,non-hostile
1145,fake
1146,non-hostile
1147,non-hostile
1148,defamation
1149,"fake,defamation"
1150,defamation
1151,non-hostile
1152,non-hostile
1153,offensive
1154,non-hostile
1155,non-hostile
1156,non-hostile
1157,non-hostile
1158,hate
1159,non-hostile
1160,non-hostile
1161,offensive
1162,non-hostile
1163,"defamation,hate,offensive"
1164,non-hostile
1165,fake
1166,non-hostile
1167,non-hostile
1168,fake
1169,fake
1170,"defamation,offensive"
1171,"fake,defamation"
1172,hate
1173,"offensive,hate"
1174,"fake,defamation,hate"
1175,"defamation,hate"
1176,non-hostile
1177,defamation
1178,non-hostile
1179,"defamation,hate,offensive"
1180,non-hostile
1181,non-hostile
1182,non-hostile
1183,"defamation,hate"
1184,non-hostile
1185,non-hostile
1186,fake
1187,non-hostile
1188,"fake,defamation"
1189,fake
1190,non-hostile
1191,"offensive,hate"
1192,"fake,non-hostile"
1193,non-hostile
1194,non-hostile
1195,non-hostile
1196,non-hostile
1197,"fake,hate"
1198,"defamation,hate"
1199,non-hostile
1200,"fake,defamation"
1201,fake
1202,non-hostile
1203,non-hostile
1204,"offensive,hate"
1205,non-hostile
1206,fake
1207,fake
1208,fake
1209,non-hostile
1210,"fake,hate"
1211,non-hostile
1212,non-hostile
1213,defamation
1214,fake
1215,"fake,defamation"
1216,non-hostile
1217,non-hostile
1218,non-hostile
1219,non-hostile
1220,"offensive,hate"
1221,fake
1222,non-hostile
1223,non-hostile
1224,"offensive,hate"
1225,non-hostile
1226,non-hostile
1227,fake
1228,non-hostile
1229,non-hostile
1230,fake
1231,fake
1232,"defamation,hate"
1233,non-hostile
1234,"defamation,offensive"
1235,non-hostile
1236,fake
1237,fake
1238,fake
1239,fake
1240,non-hostile
1241,non-hostile
1242,non-hostile
1243,non-hostile
1244,non-hostile
1245,offensive
1246,non-hostile
1247,non-hostile
1248,non-hostile
1249,non-hostile
1250,"defamation,hate,offensive"
1251,non-hostile
1252,hate
1253,"fake,non-hostile"
1254,non-hostile
1255,"offensive,hate"
1256,non-hostile
1257,non-hostile
1258,"offensive,hate"
1259,fake
1260,non-hostile
1261,fake
1262,non-hostile
1263,fake
1264,fake
1265,fake
1266,non-hostile
1267,fake
1268,offensive
1269,"defamation,offensive"
1270,"offensive,hate"
1271,fake
1272,non-hostile
1273,"defamation,hate"
1274,non-hostile
1275,fake
1276,fake
1277,fake
1278,non-hostile
1279,non-hostile
1280,non-hostile
1281,defamation
1282,non-hostile
1283,non-hostile
1284,defamation
1285,non-hostile
1286,non-hostile
1287,non-hostile
1288,non-hostile
1289,non-hostile
1290,non-hostile
1291,fake
1292,non-hostile
1293,non-hostile
1294,non-hostile
1295,fake
1296,non-hostile
1297,"defamation,hate,offensive"
1298,non-hostile
1299,"defamation,offensive"
1300,non-hostile
1301,fake
1302,"fake,hate"
1303,non-hostile
1304,non-hostile
1305,non-hostile
1306,offensive
1307,non-hostile
1308,offensive
1309,non-hostile
1310,non-hostile
1311,non-hostile
1312,"offensive,hate"
1313,non-hostile
1314,non-hostile
1315,non-hostile
1316,non-hostile
1317,non-hostile
1318,defamation
1319,fake
1320,non-hostile
1321,non-hostile
1322,"defamation,hate"
1323,non-hostile
1324,non-hostile
1325,non-hostile
1326,"defamation,offensive"
1327,non-hostile
1328,fake
1329,defamation
1330,non-hostile
1331,non-hostile
1332,non-hostile
1333,non-hostile
1334,fake
1335,non-hostile
1336,fake
1337,non-hostile
1338,"hate,offensive"
1339,fake
1340,non-hostile
1341,non-hostile
1342,non-hostile
1343,fake
1344,"defamation,hate"
1345,fake
1346,fake
1347,hate
1348,non-hostile
1349,"defamation,hate,offensive"
1350,non-hostile
1351,non-hostile
1352,hate
1353,non-hostile
1354,non-hostile
1355,non-hostile
1356,non-hostile
1357,fake
1358,non-hostile
1359,offensive
1360,defamation
1361,fake
1362,non-hostile
1363,non-hostile
1364,"fake,defamation"
1365,non-hostile
1366,non-hostile
1367,non-hostile
1368,"fake,defamation,offensive"
1369,"defamation,hate"
1370,non-hostile
1371,non-hostile
1372,fake
1373,non-hostile
1374,"defamation,hate"
1375,fake
1376,"fake,defamation"
1377,"defamation,hate"
1378,"offensive,hate"
1379,non-hostile
1380,non-hostile
1381,fake
1382,non-hostile
1383,non-hostile
1384,non-hostile
1385,non-hostile
1386,non-hostile
1387,non-hostile
1388,fake
1389,non-hostile
1390,non-hostile
1391,non-hostile
1392,non-hostile
1393,non-hostile
1394,non-hostile
1395,"defamation,hate"
1396,non-hostile
1397,defamation
1398,non-hostile
1399,non-hostile
1400,non-hostile
1401,defamation
1402,non-hostile
1403,non-hostile
1404,fake
1405,non-hostile
1406,non-hostile
1407,non-hostile
1408,non-hostile
1409,non-hostile
1410,non-hostile
1411,defamation
1412,non-hostile
1413,"defamation,offensive"
1414,non-hostile
1415,fake
1416,fake
1417,defamation
1418,fake
1419,non-hostile
1420,non-hostile
1421,hate
1422,"fake,defamation"
1423,fake
1424,"defamation,hate,offensive"
1425,non-hostile
1426,defamation
1427,offensive
1428,fake
1429,"offensive,hate"
1430,"fake,non-hostile"
1431,"defamation,offensive"
1432,"fake,defamation"
1433,"offensive,hate"
1434,"fake,offensive"
1435,non-hostile
1436,defamation
1437,"offensive,hate"
1438,non-hostile
1439,"defamation,offensive"
1440,non-hostile
1441,offensive
1442,non-hostile
1443,"offensive,hate"
1444,fake
1445,non-hostile
1446,"defamation,offensive"
1447,non-hostile
1448,"defamation,hate,offensive"
1449,fake
1450,"defamation,hate,offensive"
1451,non-hostile
1452,non-hostile
1453,non-hostile
1454,non-hostile
1455,non-hostile
1456,defamation
1457,"fake,defamation"
1458,non-hostile
1459,fake
1460,non-hostile
1461,offensive
1462,"defamation,hate,offensive"
1463,"defamation,hate"
1464,non-hostile
1465,non-hostile
1466,non-hostile
1467,non-hostile
1468,"fake,defamation"
1469,non-hostile
1470,"defamation,hate,offensive"
1471,fake
1472,"offensive,hate"
1473,non-hostile
1474,non-hostile
1475,non-hostile
1476,non-hostile
1477,non-hostile
1478,non-hostile
1479,defamation
1480,"defamation,offensive"
1481,fake
1482,"defamation,offensive"
1483,non-hostile
1484,defamation
1485,non-hostile
1486,"defamation,offensive"
1487,defamation
1488,defamation
1489,"fake,defamation"
1490,fake
1491,"offensive,hate"
1492,defamation
1493,non-hostile
1494,non-hostile
1495,non-hostile
1496,non-hostile
1497,non-hostile
1498,hate
1499,non-hostile
1500,"offensive,hate"
1501,"offensive,hate"
1502,non-hostile
1503,non-hostile
1504,non-hostile
1505,non-hostile
1506,fake
1507,"defamation,offensive"
1508,non-hostile
1509,non-hostile
1510,fake
1511,fake
1512,non-hostile
1513,non-hostile
1514,non-hostile
1515,hate
1516,defamation
1517,fake
1518,fake
1519,hate
1520,offensive
1521,non-hostile
1522,"offensive,hate"
1523,non-hostile
1524,fake
1525,fake
1526,non-hostile
1527,"fake,defamation"
1528,"offensive,hate"
1529,non-hostile
1530,defamation
1531,non-hostile
1532,non-hostile
1533,"defamation,offensive"
1534,"defamation,hate,offensive"
1535,non-hostile
1536,non-hostile
1537,fake
1538,non-hostile
1539,hate
1540,defamation
1541,non-hostile
1542,fake
1543,hate
1544,"fake,non-hostile"
1545,"defamation,hate,offensive"
1546,non-hostile
1547,hate
1548,fake
1549,non-hostile
1550,non-hostile
1551,"hate,offensive"
1552,non-hostile
1553,"defamation,offensive"
1554,non-hostile
1555,fake
1556,defamation
1557,fake
1558,offensive
1559,non-hostile
1560,"fake,defamation,hate"
1561,non-hostile
1562,non-hostile
1563,"defamation,offensive"
1564,non-hostile
1565,"fake,defamation"
1566,offensive
1567,"fake,offensive"
1568,non-hostile
1569,"defamation,hate"
1570,fake
1571,non-hostile
1572,non-hostile
1573,"defamation,hate"
1574,"fake,defamation,hate"
1575,non-hostile
1576,non-hostile
1577,non-hostile
1578,non-hostile
1579,offensive
1580,"defamation,offensive"
1581,non-hostile
1582,defamation
1583,defamation
1584,"fake,hate"
1585,defamation
1586,"fake,defamation"
1587,"fake,non-hostile"
1588,non-hostile
1589,non-hostile
1590,defamation
1591,defamation
1592,"fake,defamation"
1593,non-hostile
1594,defamation
1595,non-hostile
1596,offensive
1597,non-hostile
1598,defamation
1599,non-hostile
1600,defamation
1601,"defamation,offensive"
1602,non-hostile
1603,non-hostile
1604,non-hostile
1605,non-hostile
1606,non-hostile
1607,"defamation,hate,offensive"
1608,non-hostile
1609,non-hostile
1610,"defamation,hate"
1611,defamation
1612,non-hostile
1613,non-hostile
1614,non-hostile
1615,"offensive,hate"
1616,"defamation,hate"
1617,non-hostile
1618,"fake,defamation"
1619,non-hostile
1620,non-hostile
1621,defamation
1622,non-hostile
1623,fake
1624,non-hostile
1625,non-hostile
1626,non-hostile
1627,fake
1628,non-hostile
1629,non-hostile
1630,"offensive,hate"
1631,"defamation,offensive"
1632,non-hostile
1633,fake
1634,non-hostile
1635,non-hostile
1636,hate
1637,fake
1638,fake
1639,hate
1640,non-hostile
1641,non-hostile
1642,non-hostile
1643,fake
1644,non-hostile
1645,non-hostile
1646,non-hostile
1647,non-hostile
1648,fake
1649,non-hostile
1650,"offensive,hate"
1651,offensive
1652,"offensive,hate"
1653,non-hostile
